Year,Month,Decimal Date,TSN,NSN,SSN,A,B,C,Date
1950,7,1950.538,87,52,35,84.2,49.3,34.9,1950-7
1950,8,1950.623,85.8,31.8,54,79,44.3,34.7,1950-8
1950,9,1950.706,59.4,26.3,33.1,73.8,40.2,33.6,1950-9
1950,10,1950.79,60.1,30.4,29.7,69.7,37.8,31.9,1950-10
1950,11,1950.873,59.5,31.6,27.9,68.6,37.5,31.1,1950-11
1950,12,1950.957,46.5,31.2,15.3,70.3,38.8,31.5,1950-12
1951,1,1951.042,61.5,24.6,36.9,70.9,39.5,31.4,1951-1
1951,2,1951.123,59.5,42.7,16.8,70.4,39.6,30.8,1951-2
1951,3,1951.203,54.8,31.6,23.2,70.3,38.8,31.5,1951-3
1951,4,1951.287,92,60.8,31.2,70.9,38.5,32.4,1951-4
1951,5,1951.37,111.2,70.5,40.7,71.5,38.4,33.1,1951-5
1951,6,1951.454,93.3,52.5,40.8,71.5,38,33.5,1951-6
1951,7,1951.537,71,28.6,42.4,70.6,38.4,32.2,1951-7
1951,8,1951.622,56.1,16.3,39.8,68.9,38,30.9,1951-8
1951,9,1951.706,72.8,33.6,39.2,65.2,35.8,29.4,1951-9
1951,10,1951.789,56.7,24,32.7,58.3,31.3,27,1951-10
1951,11,1951.873,53.4,27.9,25.5,51.2,26.5,24.7,1951-11
1951,12,1951.956,45.8,33.2,12.6,44.9,22.9,22,1951-12
1952,1,1952.041,42.8,35.5,7.3,41.7,21.8,19.9,1952-1
1952,2,1952.123,22.8,15,7.8,40,21.7,18.3,1952-2
1952,3,1952.205,21.8,13.4,8.4,38,20.6,17.4,1952-3
1952,4,1952.289,27.7,13.7,14,35.8,19.2,16.6,1952-4
1952,5,1952.372,22.7,8.8,13.9,33.4,17.7,15.7,1952-5
1952,6,1952.456,37.3,18.6,18.7,31.3,15.6,15.7,1952-6
1952,7,1952.539,38.8,15.2,23.6,30.6,14.1,16.5,1952-7
1952,8,1952.624,49,18.5,30.5,31,13.8,17.2,1952-8
1952,9,1952.708,33.5,12.5,21,29.8,13.2,16.6,1952-9
1952,10,1952.791,23.5,10.9,12.6,28.4,12.9,15.5,1952-10
1952,11,1952.875,25.9,12.5,13.4,27.8,13.1,14.7,1952-11
1952,12,1952.958,32.5,14.8,17.7,26.1,12.6,13.5,1952-12
1953,1,1953.043,24.3,12,12.3,23.8,11.9,11.9,1953-1
1953,2,1953.124,7.2,4.7,2.5,21.5,11.2,10.3,1953-2
1953,3,1953.205,13.3,10.3,3,20.1,10.8,9.3,1953-3
1953,4,1953.288,24.5,18,6.5,19.2,10.4,8.8,1953-4
1953,5,1953.372,12,6.2,5.8,17.9,9.7,8.2,1953-5
1953,6,1953.455,22.6,14,8.6,15.4,8.7,6.7,1953-6
1953,7,1953.539,15.6,6,9.6,13.3,7.6,5.7,1953-7
1953,8,1953.624,17.5,10.1,7.4,12.4,7,5.4,1953-8
1953,9,1953.707,15,6.1,8.9,11.3,6.1,5.2,1953-9
1953,10,1953.791,10.8,5.5,5.3,10.2,5.1,5.1,1953-10
1953,11,1953.874,1.7,1.1,0.6,8.8,4.1,4.7,1953-11
1953,12,1953.958,2.6,0,2.6,7.3,3.3,4,1953-12
1954,1,1954.042,0.3,0.1,0.2,5.5,2.6,2.9,1954-1
1954,2,1954.123,1.5,0.7,0.8,4.5,2.1,2.4,1954-2
1954,3,1954.204,10.1,3.6,6.5,3.9,1.8,2.1,1954-3
1954,4,1954.287,1.7,0.7,1,3.3,1.5,1.8,1954-4
1954,5,1954.371,0.8,0.5,0.3,3.6,1.7,1.9,1954-5
1954,6,1954.454,0.5,0.2,0.3,4.2,2.1,2.1,1954-6
1954,7,1954.538,5.1,4.6,0.5,5.1,2.6,2.5,1954-7
1954,8,1954.623,7.1,2.4,4.7,6.5,3.5,3,1954-8
1954,9,1954.706,2.3,1.5,0.8,7.6,4.4,3.2,1954-9
1954,10,1954.79,8.1,5.3,2.8,8.4,5,3.4,1954-10
1954,11,1954.873,9,3,6,9.5,6,3.5,1954-11
1954,12,1954.957,9.4,6,3.4,11.5,7.5,4,1954-12
1955,1,1955.042,22.2,12.7,9.5,13.8,8.8,5,1955-1
1955,2,1955.123,16.9,11.5,5.4,16.1,10.2,5.9,1955-2
1955,3,1955.203,10.1,7.5,2.6,19.2,12.2,7,1955-3
1955,4,1955.287,11.3,8.1,3.2,22.7,14.2,8.5,1955-4
1955,5,1955.37,24.7,22.5,2.2,27,16.5,10.5,1955-5
1955,6,1955.454,31.9,13.8,18.1,33.5,20.3,13.2,1955-6
1955,7,1955.537,28,17.5,10.5,38.2,23.1,15.1,1955-7
1955,8,1955.622,40.3,26,14.3,44.4,26.8,17.6,1955-8
1955,9,1955.706,47.6,27.4,20.2,53.3,32.5,20.8,1955-9
1955,10,1955.789,55.1,28.4,26.7,63.6,38.8,24.8,1955-10
1955,11,1955.873,83.9,49.6,34.3,72.5,44.2,28.3,1955-11
1955,12,1955.956,73.6,41.7,31.9,81,49.2,31.8,1955-12
1956,1,1956.041,75.8,50,25.8,90.1,53.9,36.2,1956-1
1956,2,1956.123,129.5,80.2,49.3,98.9,58.8,40.1,1956-2
1956,3,1956.205,117.8,76.2,41.6,107.7,63.5,44.2,1956-3
1956,4,1956.289,120.1,78.1,42,118.8,68.6,50.2,1956-4
1956,5,1956.372,126.3,70.5,55.8,126.4,71.1,55.3,1956-5
1956,6,1956.456,124,66.3,57.7,136.8,74.4,62.4,1956-6
1956,7,1956.539,134.2,78.1,56.1,146.5,78.1,68.4,1956-7
1956,8,1956.624,152.3,81.6,70.7,151.4,79,72.4,1956-8
1956,9,1956.708,179.6,86,93.6,154.1,78.4,75.7,1956-9
1956,10,1956.791,156.5,72.3,84.2,156.3,78.4,77.9,1956-10
1956,11,1956.875,201.3,76.4,124.9,160.2,79.9,80.3,1956-11
1956,12,1956.958,192.4,108.6,83.8,164.4,81,83.4,1956-12
1957,1,1957.043,165.1,79.1,86,170.2,81.8,88.4,1957-1
1957,2,1957.124,142.8,66.9,75.9,173,82.8,90.2,1957-2
1957,3,1957.205,149.1,78.6,70.5,173.3,83.2,90.1,1957-3
1957,4,1957.288,163.9,85.8,78.1,177.3,86.2,91.1,1957-4
1957,5,1957.372,176,77.9,98.1,181.8,89.7,92.1,1957-5
1957,6,1957.455,202.5,90.9,111.6,185.1,90.6,94.5,1957-6
1957,7,1957.539,183.3,95.5,87.8,191.5,92.7,98.8,1957-7
1957,8,1957.624,152.8,70,82.8,198.2,96.7,101.5,1957-8
1957,9,1957.707,237.7,121.5,116.2,201,98.6,102.4,1957-9
1957,10,1957.791,237.4,121.2,116.2,203,101.4,101.6,1957-10
1957,11,1957.874,222.9,106.1,116.8,204,105.5,98.5,1957-11
1957,12,1957.958,227.2,97.5,129.7,202.2,107.5,94.7,1957-12
1958,1,1958.042,215.9,115.1,100.8,201.5,109.3,92.2,1958-1
1958,2,1958.123,171.8,92.4,79.4,202.1,110.5,91.6,1958-2
1958,3,1958.204,196,124.1,71.9,200.4,109.2,91.2,1958-3
1958,4,1958.287,190,125.2,64.8,196.2,106.4,89.8,1958-4
1958,5,1958.371,171.5,102.1,69.4,192.5,104.6,87.9,1958-5
1958,6,1958.454,170.2,113.7,56.5,187.7,102.7,85,1958-6
1958,7,1958.538,190.1,101.9,88.2,184.6,101.5,83.1,1958-7
1958,8,1958.623,210.8,96.2,114.6,186.1,104.7,81.4,1958-8
1958,9,1958.706,187.1,92.3,94.8,184.2,106,78.2,1958-9
1958,10,1958.79,184.4,80.1,104.3,182.4,106.8,75.6,1958-10
1958,11,1958.873,169.4,80.3,89.1,182.6,108.6,74,1958-11
1958,12,1958.957,179.2,97,82.2,182.4,109.4,73,1958-12
1959,1,1959.042,219,161.5,57.5,179.2,110.1,69.1,1959-1
1959,2,1959.123,143.2,115.9,27.3,175.1,113.3,61.8,1959-2
1959,3,1959.203,179.1,139.8,39.3,175,115.9,59.1,1959-3
1959,4,1959.287,172.6,125.4,47.2,172.7,115.5,57.2,1959-4
1959,5,1959.37,175,119.8,55.2,167.6,112.8,54.8,1959-5
1959,6,1959.454,157.2,108.1,49.1,161.1,109.3,51.8,1959-6
1959,7,1959.537,165,135.3,29.7,155.5,105.4,50.1,1959-7
1959,8,1959.622,196.2,116.6,79.6,152.8,101.7,51.1,1959-8
1959,9,1959.706,140.3,64.2,76.1,147.9,97.1,50.8,1959-9
1959,10,1959.789,110.9,44.6,66.3,140.8,91.8,49,1959-10
1959,11,1959.873,119.5,79.2,40.3,136.1,89,47.1,1959-11
1959,12,1959.956,131.9,101.4,30.5,132.1,85.3,46.8,1959-12
1960,1,1960.041,139.4,90.3,49.1,127.3,80.6,46.7,1960-1
1960,2,1960.123,114.6,78.5,36.1,122.2,78.6,43.6,1960-2
1960,3,1960.205,102.8,74.5,28.3,120.9,79.7,41.2,1960-3
1960,4,1960.289,115.6,79.4,36.2,121.2,80.3,40.9,1960-4
1960,5,1960.372,120.2,72.6,47.6,119.2,77.5,41.7,1960-5
1960,6,1960.456,113,78.3,34.7,115.4,74,41.4,1960-6
1960,7,1960.539,127.4,95.9,31.5,110.1,70.8,39.3,1960-7
1960,8,1960.624,131.5,75,56.5,105.4,67.2,38.2,1960-8
1960,9,1960.708,117.5,59.5,58,100.2,63,37.2,1960-9
1960,10,1960.791,96.8,50.5,46.3,94.2,58.7,35.5,1960-10
1960,11,1960.875,86.8,58.4,28.4,88.6,55.1,33.5,1960-11
1960,12,1960.958,84.7,58,26.7,83.4,50.8,32.6,1960-12
1961,1,1961.043,54.8,33.9,20.9,77.9,46.3,31.6,1961-1
1961,2,1961.124,45,26.5,18.5,72.5,43.4,29.1,1961-2
1961,3,1961.205,55.1,37.1,18,67.1,41,26.1,1961-3
1961,4,1961.288,58.4,34.6,23.8,63.8,38.9,24.9,1961-4
1961,5,1961.372,59.8,36.3,23.5,59.8,35.4,24.4,1961-5
1961,6,1961.455,71.6,39.9,31.7,55.7,32.6,23.1,1961-6
1961,7,1961.539,67.7,41.7,26,53.7,32,21.7,1961-7
1961,8,1961.624,56.4,30.8,25.6,52.6,32.3,20.3,1961-8
1961,9,1961.707,61.4,28.2,33.2,51.6,32.4,19.2,1961-9
1961,10,1961.791,36.4,19.1,17.3,50.9,32.3,18.6,1961-10
1961,11,1961.874,38.5,26.7,11.8,49.6,31.9,17.7,1961-11
1961,12,1961.958,38.3,31.9,6.4,47.2,30.9,16.3,1961-12
1962,1,1962.042,33.8,31.4,2.4,44.9,29.1,15.8,1962-1
1962,2,1962.123,46.3,36.4,9.9,42.3,27.6,14.7,1962-2
1962,3,1962.204,51.5,35.1,16.4,39.6,26.4,13.2,1962-3
1962,4,1962.287,48.5,32.4,16.1,39.5,26.3,13.2,1962-4
1962,5,1962.371,44.8,29.4,15.4,40.1,25.8,14.3,1962-5
1962,6,1962.454,43,20.4,22.6,39.7,24.6,15.1,1962-6
1962,7,1962.538,23.2,11.3,11.9,38.4,23,15.4,1962-7
1962,8,1962.623,23.3,13.5,9.8,35.9,21.2,14.7,1962-8
1962,9,1962.706,51.1,25.8,25.3,33.5,19.7,13.8,1962-9
1962,10,1962.79,40.6,17.9,22.7,30.6,17.8,12.8,1962-10
1962,11,1962.873,29.4,17.8,11.6,29,16.7,12.3,1962-11
1962,12,1962.957,20.1,14.5,5.6,29.1,17.3,11.8,1962-12
1963,1,1963.042,23.8,18.2,5.6,29.9,18.7,11.2,1963-1
1963,2,1963.123,21.1,16.8,4.3,29.5,19.1,10.4,1963-2
1963,3,1963.203,17.2,12.7,4.5,28.3,19,9.3,1963-3
1963,4,1963.287,28.1,13.8,14.3,27.7,18.6,9.1,1963-4
1963,5,1963.37,44.3,28.2,16.1,28.3,18.8,9.5,1963-5
1963,6,1963.454,35.5,29.2,6.3,29.3,18.8,10.5,1963-6
1963,7,1963.537,20,17.8,2.2,28.7,18.1,10.6,1963-7
1963,8,1963.622,32.4,20.7,11.7,28.1,17.3,10.8,1963-8
1963,9,1963.706,34.5,14.8,19.7,27.8,17.1,10.7,1963-9
1963,10,1963.789,35.9,19.6,16.3,26.4,16.4,10,1963-10
1963,11,1963.873,28.6,14.6,14,23.7,14.6,9.1,1963-11
1963,12,1963.956,14,8.2,5.8,21.7,12.9,8.8,1963-12
1964,1,1964.041,15.8,9.2,6.6,20,11.6,8.4,1964-1
1964,2,1964.123,16.5,12,4.5,17.7,10.4,7.3,1964-2
1964,3,1964.205,17.5,8.4,9.1,15,9.4,5.6,1964-3
1964,4,1964.289,9.2,6.7,2.5,12.4,8.1,4.3,1964-4
1964,5,1964.372,9.2,7,2.2,10.5,7.3,3.2,1964-5
1964,6,1964.456,8.2,7.7,0.5,9.8,6.9,2.9,1964-6
1964,7,1964.539,5.4,5,0.4,9.5,6.8,2.7,1964-7
1964,8,1964.624,7.6,6.1,1.5,9.5,7.2,2.3,1964-8
1964,9,1964.708,5.7,5.1,0.6,9.6,7.8,1.8,1964-9
1964,10,1964.791,5,4.5,0.5,9.6,8.1,1.5,1964-10
1964,11,1964.875,9.1,4.5,4.6,9.6,8.2,1.4,1964-11
1964,12,1964.958,11.7,7.5,4.2,10.7,8.9,1.8,1964-12
1965,1,1965.043,18,16.9,1.1,12,9.8,2.2,1965-1
1965,2,1965.124,15.5,14.4,1.1,12.4,10.1,2.3,1965-2
1965,3,1965.205,8.6,8.5,0.1,12.8,10.4,2.4,1965-3
1965,4,1965.288,8.7,7.6,1.1,13.6,11,2.6,1965-4
1965,5,1965.372,25.8,21.4,4.4,14.9,12,2.9,1965-5
1965,6,1965.455,16.3,9.9,6.4,15.1,12.2,2.9,1965-6
1965,7,1965.539,11.4,10.8,0.6,14.7,11.7,3,1965-7
1965,8,1965.624,8.2,5.4,2.8,15.6,12.3,3.3,1965-8
1965,9,1965.707,16.6,13.9,2.7,17.4,13.9,3.5,1965-9
1965,10,1965.791,22.7,15,7.7,19,15.5,3.5,1965-10
1965,11,1965.874,14.4,11.7,2.7,20.9,17.4,3.5,1965-11
1965,12,1965.958,14.3,11.2,3.1,23.4,19.8,3.6,1965-12
1966,1,1966.042,27,22,5,26.9,22.8,4.1,1966-1
1966,2,1966.123,26,25,1,30.8,26.1,4.7,1966-2
1966,3,1966.204,26.2,24.4,1.8,33.7,28.9,4.8,1966-3
1966,4,1966.287,48.5,45.2,3.3,36.7,31.3,5.4,1966-4
1966,5,1966.371,43.2,34.7,8.5,40.8,34,6.8,1966-5
1966,6,1966.454,47.8,41.9,5.9,44.7,36.9,7.8,1966-6
1966,7,1966.538,53.8,45.3,8.5,49.3,40,9.3,1966-7
1966,8,1966.623,50.7,44.5,6.2,55.5,43.7,11.8,1966-8
1966,9,1966.706,53.6,39.3,14.3,61.8,47.5,14.3,1966-9
1966,10,1966.79,57.1,37.6,19.5,67.3,50.2,17.1,1966-10
1966,11,1966.873,57.8,48.9,8.9,70.4,51.2,19.2,1966-11
1966,12,1966.957,73.2,52.4,20.8,73.3,51.8,21.5,1966-12
1967,1,1967.042,103.7,66.9,36.8,76.3,52.9,23.4,1967-1
1967,2,1967.123,96.7,72.6,24.1,79.6,54.1,25.5,1967-2
1967,3,1967.203,105.5,67.5,38,83.5,55.8,27.7,1967-3
1967,4,1967.287,77.4,47.3,30.1,86.3,56.1,30.2,1967-4
1967,5,1967.37,78.8,48.5,30.3,88.2,55.7,32.5,1967-5
1967,6,1967.454,84.1,55.2,28.9,90.2,56,34.2,1967-6
1967,7,1967.537,89.1,59.7,29.4,92.7,56.4,36.3,1967-7
1967,8,1967.622,104.8,59.5,45.3,95.3,56.5,38.8,1967-8
1967,9,1967.706,77.8,34.5,43.3,95.6,56,39.6,1967-9
1967,10,1967.789,80.2,43.3,36.9,97.5,56.5,41,1967-10
1967,11,1967.873,102.6,62.6,40,98.6,57,41.6,1967-11
1967,12,1967.956,127.3,74.3,53,100.9,58,42.9,1967-12
1968,1,1968.041,126,70.9,55.1,102.7,59,43.7,1968-1
1968,2,1968.123,100.9,56.1,44.8,103.5,59.4,44.1,1968-2
1968,3,1968.205,96,52,44,105.9,60,45.9,1968-3
1968,4,1968.289,86.7,52.8,33.9,108.1,59.7,48.4,1968-4
1968,5,1968.372,122.9,77.4,45.5,108.4,58.5,49.9,1968-5
1968,6,1968.456,113.1,66.3,46.8,105.9,55.5,50.4,1968-6
1968,7,1968.539,95.8,56.9,38.9,103.7,52.3,51.4,1968-7
1968,8,1968.624,114.2,46,68.2,104.4,52.9,51.5,1968-8
1968,9,1968.708,106.8,41.9,64.9,106.8,55.8,51,1968-9
1968,10,1968.791,108.3,52.7,55.6,109.6,58.3,51.3,1968-10
1968,11,1968.875,95.9,35.5,60.4,109.9,58.9,51,1968-11
1968,12,1968.958,101.6,36,65.6,110.9,59.5,51.4,1968-12
1969,1,1969.043,107.7,68.1,39.6,112.2,60.4,51.8,1969-1
1969,2,1969.124,118.8,86.8,32,111.2,60.7,50.5,1969-2
1969,3,1969.205,134.2,91.2,43,109.4,59.5,49.9,1969-3
1969,4,1969.288,115.9,72.7,43.2,107.6,57.6,50,1969-4
1969,5,1969.372,113.7,70.3,43.4,107.2,58.2,49,1969-5
1969,6,1969.455,121.9,67.4,54.5,106.5,59.1,47.4,1969-6
1969,7,1969.539,98.3,44.3,54,105.2,57.2,48,1969-7
1969,8,1969.624,83.5,30.1,53.4,104.1,53,51.1,1969-8
1969,9,1969.707,92.2,31.3,60.9,103.2,49.8,53.4,1969-9
1969,10,1969.791,95.1,44.6,50.5,103.8,50,53.8,1969-10
1969,11,1969.874,93.2,57.3,35.9,102.6,49.3,53.3,1969-11
1969,12,1969.958,92.3,40.4,51.9,102.3,49.2,53.1,1969-12
1970,1,1970.042,115.7,41.5,74.2,104.5,52.3,52.2,1970-1
1970,2,1970.123,118.6,53.1,65.5,106.4,55.4,51,1970-2
1970,3,1970.204,119.4,76.2,43.2,107.2,57.5,49.7,1970-3
1970,4,1970.287,105.5,62.2,43.3,107.1,57.8,49.3,1970-4
1970,5,1970.371,113.5,62.3,51.2,106.9,57.5,49.4,1970-5
1970,6,1970.454,119.5,76.9,42.6,106.6,58.5,48.1,1970-6
1970,7,1970.538,109.9,65.5,44.4,104.3,59.7,44.6,1970-7
1970,8,1970.623,91.7,53.5,38.2,100.9,59.7,41.2,1970-8
1970,9,1970.706,98.6,49.4,49.2,98,57.8,40.2,1970-9
1970,10,1970.79,85.2,45.7,39.5,94.1,55.5,38.6,1970-10
1970,11,1970.873,98.1,55.1,43,89.8,53.5,36.3,1970-11
1970,12,1970.957,83.6,53.8,29.8,83.8,50,33.8,1970-12
1971,1,1971.042,89.4,60,29.4,79.3,46.9,32.4,1971-1
1971,2,1971.123,81.4,51.4,30,76.9,45,31.9,1971-2
1971,3,1971.203,60.9,33.4,27.5,74.5,43.4,31.1,1971-3
1971,4,1971.287,74.1,47.3,26.8,71.2,40.7,30.5,1971-4
1971,5,1971.37,55.2,38.8,16.4,67.6,37.7,29.9,1971-5
1971,6,1971.454,49.8,25.7,24.1,65.3,34.6,30.7,1971-6
1971,7,1971.537,77.6,35.9,41.7,64.2,31.8,32.4,1971-7
1971,8,1971.622,62.3,28.2,34.1,63.5,29.8,33.7,1971-8
1971,9,1971.706,54.5,18.7,35.8,64.8,30.1,34.7,1971-9
1971,10,1971.789,55.8,22.5,33.3,66.1,30.6,35.5,1971-10
1971,11,1971.873,60.9,19.9,41,67.6,31.2,36.4,1971-11
1971,12,1971.956,82.5,33.7,48.8,69.4,32,37.4,1971-12
1972,1,1972.041,59.6,16.7,42.9,70.6,31.9,38.7,1972-1
1972,2,1972.123,87.2,51.8,35.4,72.3,32.2,40.1,1972-2
1972,3,1972.205,81.4,48.1,33.3,74.2,33.2,41,1972-3
1972,4,1972.289,66.1,38,28.1,74.9,33.6,41.3,1972-4
1972,5,1972.372,80.7,38.9,41.8,73.8,33,40.8,1972-5
1972,6,1972.456,86.1,33.4,52.7,71.8,31.8,40,1972-6
1972,7,1972.539,78.5,28.2,50.3,69.7,31,38.7,1972-7
1972,8,1972.624,75.8,31,44.8,66,29.5,36.5,1972-8
1972,9,1972.708,61,26.2,34.8,62.6,28.1,34.5,1972-9
1972,10,1972.791,53.1,16.3,36.8,61.1,27.5,33.6,1972-10
1972,11,1972.875,49.3,11.4,37.9,58.2,26.7,31.5,1972-11
1972,12,1972.958,50,22.5,27.5,54.4,25.9,28.5,1972-12
1973,1,1973.043,43.5,32.9,10.6,50.4,24.8,25.6,1973-1
1973,2,1973.124,41.8,30.9,10.9,46.4,23.4,23,1973-2
1973,3,1973.205,52.2,33.1,19.1,43.3,22,21.3,1973-3
1973,4,1973.288,53.3,29.6,23.7,42.5,22.3,20.2,1973-4
1973,5,1973.372,36.8,19.7,17.1,41.1,22.3,18.8,1973-5
1973,6,1973.455,41.9,21.6,20.3,38.9,21,17.9,1973-6
1973,7,1973.539,24.1,11.6,12.5,37.2,19,18.2,1973-7
1973,8,1973.624,25.8,7.9,17.9,35.8,17,18.8,1973-8
1973,9,1973.707,48.9,20.7,28.2,33.5,15,18.5,1973-9
1973,10,1973.791,33.1,12.9,20.2,31.4,13.5,17.9,1973-10
1973,11,1973.874,24.6,10.7,13.9,31.1,12.7,18.4,1973-11
1973,12,1973.958,25.7,10.5,15.2,31.7,12.2,19.5,1973-12
1974,1,1974.042,29.2,10.3,18.9,33,12,21,1974-1
1974,2,1974.123,26.6,8.7,17.9,33.9,11.1,22.8,1974-2
1974,3,1974.204,21.2,13.3,7.9,33.1,9.7,23.4,1974-3
1974,4,1974.287,43.1,12.9,30.2,34,9.7,24.3,1974-4
1974,5,1974.371,41.8,14.1,27.7,35.7,10.5,25.2,1974-5
1974,6,1974.454,38,7,31,36.1,11.2,24.9,1974-6
1974,7,1974.538,42.6,0.7,41.9,35.6,12.1,23.5,1974-7
1974,8,1974.623,36.6,6.2,30.4,35,12.6,22.4,1974-8
1974,9,1974.706,42.4,13.5,28.9,33.6,12.3,21.3,1974-9
1974,10,1974.79,45,21.1,23.9,30.5,11.3,19.2,1974-10
1974,11,1974.873,27.4,15.9,11.5,27.6,10.4,17.2,1974-11
1974,12,1974.957,21.1,19.8,1.3,24.7,10.2,14.5,1974-12
1975,1,1975.042,20,17.4,2.6,21.9,10.7,11.2,1975-1
1975,2,1975.123,12.3,6.5,5.8,20.7,11.3,9.4,1975-2
1975,3,1975.203,8.9,3.9,5,20.1,11.5,8.6,1975-3
1975,4,1975.287,7.9,3,4.9,18.4,11,7.4,1975-4
1975,5,1975.37,7.2,3.6,3.6,16.8,10,6.8,1975-5
1975,6,1975.454,11.2,6.7,4.5,16.1,8.8,7.3,1975-6
1975,7,1975.537,27.6,13.1,14.5,15.2,7.8,7.4,1975-7
1975,8,1975.622,40.6,22.2,18.4,14.5,7.2,7.3,1975-8
1975,9,1975.706,16.3,8.1,8.2,14.6,7,7.6,1975-9
1975,10,1975.789,11.8,7.4,4.4,15.4,7.5,7.9,1975-10
1975,11,1975.873,14.1,5.5,8.6,16.5,8,8.5,1975-11
1975,12,1975.956,7.6,4.8,2.8,16.5,8,8.5,1975-12
1976,1,1976.041,6.6,0,6.6,14.7,7,7.7,1976-1
1976,2,1976.123,6.2,1.5,4.7,12.5,5.9,6.6,1976-2
1976,3,1976.205,22.9,9.6,13.3,11.9,5.6,6.3,1976-3
1976,4,1976.289,19.3,10.5,8.8,12.1,5.6,6.5,1976-4
1976,5,1976.372,14,7.5,6.5,12.3,5.6,6.7,1976-5
1976,6,1976.456,9.4,4.3,5.1,12.6,5.6,7,1976-6
1976,7,1976.539,7.5,3.3,4.2,13.3,6.3,7,1976-7
1976,8,1976.624,12.6,8.3,4.3,14.1,7,7.1,1976-8
1976,9,1976.708,15.1,6.4,8.7,14,7,7,1976-9
1976,10,1976.791,15.5,5.7,9.8,13.4,6.8,6.6,1976-10
1976,11,1976.875,7.3,3.8,3.5,13.4,6.8,6.6,1976-11
1976,12,1976.958,16.3,10.3,6,14.6,7.3,7.3,1976-12
1977,1,1977.043,17.8,9.8,8,16.6,8.5,8.1,1977-1
1977,2,1977.124,22.4,8.5,13.9,17.8,9.3,8.5,1977-2
1977,3,1977.205,8.8,6.6,2.2,18.9,10.3,8.6,1977-3
1977,4,1977.288,14.7,6.9,7.8,21.3,11.8,9.5,1977-4
1977,5,1977.372,21.2,10.1,11.1,24.3,13.6,10.7,1977-5
1977,6,1977.455,31.3,17.8,13.5,26.4,14.6,11.8,1977-6
1977,7,1977.539,24.5,16.3,8.2,28.3,15.5,12.8,1977-7
1977,8,1977.624,29.1,17.6,11.5,32.2,18,14.2,1977-8
1977,9,1977.707,44.2,23.2,21,38.3,22.2,16.1,1977-9
1977,10,1977.791,43.1,26.2,16.9,44.4,26.7,17.7,1977-10
1977,11,1977.874,35.1,18.3,16.8,50.7,30.8,19.9,1977-11
1977,12,1977.958,39.9,18.4,21.5,56.3,34.2,22.1,1977-12
1978,1,1978.042,63.3,38.2,25.1,62.1,38.1,24,1978-1
1978,2,1978.123,81.6,57.3,24.3,66,40.9,25.1,1978-2
1978,3,1978.204,77,51.3,25.7,69,42.4,26.6,1978-3
1978,4,1978.287,93.7,58.2,35.5,75.3,45.2,30.1,1978-4
1978,5,1978.371,86.8,49.7,37.1,83.4,49,34.4,1978-5
1978,6,1978.454,93.4,65.5,27.9,90.3,51.9,38.4,1978-6
1978,7,1978.538,75.8,51.4,24.4,94.8,52.6,42.2,1978-7
1978,8,1978.623,65.7,32.5,33.2,101.3,53.3,48,1978-8
1978,9,1978.706,118.3,59.1,59.2,107.4,54.6,52.8,1978-9
1978,10,1978.79,127.9,60.7,67.2,111.3,55.5,55.8,1978-10
1978,11,1978.873,109.9,49.2,60.7,114.1,56.2,57.9,1978-11
1978,12,1978.957,122.1,47.7,74.4,118.9,58.2,60.7,1978-12
1979,1,1979.042,156.4,72,84.4,126.2,62.6,63.6,1979-1
1979,2,1979.123,139.9,57.4,82.5,132,66.8,65.2,1979-2
1979,3,1979.203,138.6,74.9,63.7,134,67.7,66.3,1979-3
1979,4,1979.287,105.3,51.4,53.9,139.3,70,69.3,1979-4
1979,5,1979.37,141.4,84.1,57.3,146.4,74.3,72.1,1979-5
1979,6,1979.454,152.4,93.6,58.8,152.1,78,74.1,1979-6
1979,7,1979.537,140.7,85.2,55.5,155,79.3,75.7,1979-7
1979,8,1979.622,147,70,77,157,80.5,76.5,1979-8
1979,9,1979.706,185.7,85.1,100.6,158.5,81.9,76.6,1979-9
1979,10,1979.789,190.1,101.7,88.4,160.5,83.7,76.8,1979-10
1979,11,1979.873,183.2,86.8,96.4,162.2,83.9,78.3,1979-11
1979,12,1979.956,184.1,73.1,111,163.1,81.1,82,1979-12
1980,1,1980.041,161.3,81.4,79.9,165.3,79.5,85.8,1980-1
1980,2,1980.123,143.3,78.9,64.4,164.7,78.4,86.3,1980-2
1980,3,1980.205,139.2,83.5,55.7,160.2,76.2,84,1980-3
1980,4,1980.289,160.7,82.9,77.8,156.8,73.9,82.9,1980-4
1980,5,1980.372,167.3,63.9,103.4,154.9,72.8,82.1,1980-5
1980,6,1980.456,158.6,62.7,95.9,152.8,73.1,79.7,1980-6
1980,7,1980.539,142.4,59.5,82.9,151.9,73.7,78.2,1980-7
1980,8,1980.624,133,63.6,69.4,152.5,74.2,78.3,1980-8
1980,9,1980.708,154.4,74.9,79.5,151.1,73.9,77.2,1980-9
1980,10,1980.791,170.6,74.1,96.5,149.2,75,74.2,1980-10
1980,11,1980.875,150.8,81.3,69.5,147.3,78.4,68.9,1980-11
1980,12,1980.958,152,89.5,62.5,144.6,80.6,64,1980-12
1981,1,1981.043,137.7,76.9,60.8,141.3,79.9,61.4,1981-1
1981,2,1981.124,136.8,88.3,48.5,140,78,62,1981-2
1981,3,1981.205,136.1,87.8,48.3,140.2,77,63.2,1981-3
1981,4,1981.288,151.7,108.7,43,141.3,77,64.3,1981-4
1981,5,1981.372,127.9,87.2,40.7,142.9,75.6,67.3,1981-5
1981,6,1981.455,87.8,39.1,48.7,142.6,73.9,68.7,1981-6
1981,7,1981.539,134.1,47.2,86.9,141.9,72.9,69,1981-7
1981,8,1981.624,162.6,63.1,99.5,141.1,70.3,70.8,1981-8
1981,9,1981.707,178.4,77.8,100.6,141.7,68.7,73,1981-9
1981,10,1981.791,166.9,66.1,100.8,142.3,67.5,74.8,1981-10
1981,11,1981.874,143.6,70.4,73.2,142.4,66.8,75.6,1981-11
1981,12,1981.958,135.4,74.8,60.6,141.9,67.7,74.2,1981-12
1982,1,1982.042,105.6,37,68.6,138.7,68.1,70.6,1982-1
1982,2,1982.123,168.1,93.8,74.3,132.7,67.1,65.6,1982-2
1982,3,1982.204,149.8,88.6,61.2,127.8,65.7,62.1,1982-3
1982,4,1982.287,119.8,69,50.8,123,64,59,1982-4
1982,5,1982.371,93,53.4,39.6,119,61.9,57.1,1982-5
1982,6,1982.454,97.6,51.9,45.7,116.7,60,56.7,1982-6
1982,7,1982.538,108.6,58.6,50,115,58.3,56.7,1982-7
1982,8,1982.623,117.5,59.3,58.2,108.8,52.7,56.1,1982-8
1982,9,1982.706,116.1,46.8,69.3,101.7,47.3,54.4,1982-9
1982,10,1982.79,94.2,46.8,47.4,96.7,43.6,53.1,1982-10
1982,11,1982.873,103.5,45.1,58.4,95.1,42,53.1,1982-11
1982,12,1982.957,117,44.2,72.8,94.6,40.2,54.4,1982-12
1983,1,1983.042,82.8,21.4,61.4,93.1,37.8,55.3,1983-1
1983,2,1983.123,63.3,24.1,39.2,90.1,35,55.1,1983-2
1983,3,1983.203,60.2,27.4,32.8,86.7,32.2,54.5,1983-3
1983,4,1983.287,81.4,36.7,44.7,83.3,29.5,53.8,1983-4
1983,5,1983.37,95.1,30.2,64.9,78.3,26.7,51.6,1983-5
1983,6,1983.454,93.8,35.8,58,71.8,24.1,47.7,1983-6
1983,7,1983.537,82,26.8,55.2,66.4,22.7,43.7,1983-7
1983,8,1983.622,73.7,13.6,60.1,65.5,23.2,42.3,1983-8
1983,9,1983.706,57.5,16.3,41.2,66.8,24.5,42.3,1983-9
1983,10,1983.789,56.2,18.2,38,66.5,25.2,41.3,1983-10
1983,11,1983.873,31.7,8.1,23.6,64.6,25.7,38.9,1983-11
1983,12,1983.956,27,9.6,17.4,62.7,25.4,37.3,1983-12
1984,1,1984.041,60.6,36.9,23.7,60.3,24.8,35.5,1984-1
1984,2,1984.123,82.9,42.1,40.8,57.7,24.4,33.3,1984-2
1984,3,1984.205,83.1,46.3,36.8,54.5,23.2,31.3,1984-3
1984,4,1984.289,64.6,36.8,27.8,51.5,22.4,29.1,1984-4
1984,5,1984.372,77.2,28.7,48.5,49.6,22.2,27.4,1984-5
1984,6,1984.456,53.3,15.6,37.7,48.4,21.6,26.8,1984-6
1984,7,1984.539,39,9.7,29.3,44.7,19.1,25.6,1984-7
1984,8,1984.624,26.5,6.2,20.3,38.8,15.6,23.2,1984-8
1984,9,1984.708,12.4,6.1,6.3,32.5,12.1,20.4,1984-9
1984,10,1984.791,12,5.7,6.3,27.2,9.7,17.5,1984-10
1984,11,1984.875,23.5,8.1,15.4,22.4,8.5,13.9,1984-11
1984,12,1984.958,19.6,9.2,10.4,20.2,8.5,11.7,1984-12
1985,1,1985.043,17.2,3.8,13.4,19.4,8.4,11,1985-1
1985,2,1985.124,14.1,8.9,5.2,19.4,8.1,11.3,1985-2
1985,3,1985.205,14.1,9,5.1,19.4,7.7,11.7,1985-3
1985,4,1985.288,21.2,14.2,7,19,7.3,11.7,1985-4
1985,5,1985.372,27.2,14.4,12.8,18.5,7,11.5,1985-5
1985,6,1985.455,25.9,6.4,19.5,18.4,7.4,11,1985-6
1985,7,1985.539,28,3,25,18.1,7.9,10.2,1985-7
1985,8,1985.624,10.2,1.7,8.5,17.8,7.7,10.1,1985-8
1985,9,1985.707,3.8,0.5,3.3,18.1,7.7,10.4,1985-9
1985,10,1985.791,17.5,5.7,11.8,17.1,6.8,10.3,1985-10
1985,11,1985.874,20.3,13.1,7.2,16,6.4,9.6,1985-11
1985,12,1985.958,11.6,10.5,1.1,14.8,6.6,8.2,1985-12
1986,1,1986.042,12.3,5.6,6.7,13.4,6.9,6.5,1986-1
1986,2,1986.123,17.8,9.5,8.3,13.4,7.3,6.1,1986-2
1986,3,1986.204,11,4.4,6.6,13.5,7.6,5.9,1986-3
1986,4,1986.287,19.3,10.3,9,12.7,7.5,5.2,1986-4
1986,5,1986.371,13.9,9.8,4.1,13.1,7.3,5.8,1986-5
1986,6,1986.454,3.1,1.1,2,14.1,7.5,6.6,1986-6
1986,7,1986.538,16.2,10.4,5.8,13.8,7.4,6.4,1986-7
1986,8,1986.623,7.2,3.9,3.3,13,7,6,1986-8
1986,9,1986.706,9.4,5.6,3.8,12.4,6.9,5.5,1986-9
1986,10,1986.79,26.6,12.5,14.1,12.5,6.8,5.7,1986-10
1986,11,1986.873,17.9,10,7.9,14.4,7.2,7.2,1986-11
1986,12,1986.957,8.6,4.1,4.5,16.1,7.8,8.3,1986-12
1987,1,1987.042,9.8,6.2,3.6,16.8,8.4,8.4,1987-1
1987,2,1987.123,3.2,1.9,1.3,19.2,9.2,10,1987-2
1987,3,1987.203,16.7,9.4,7.3,21.9,9.5,12.4,1987-3
1987,4,1987.287,37.5,12.2,25.3,23.1,9.1,14,1987-4
1987,5,1987.37,26.4,12.7,13.7,26,9.9,16.1,1987-5
1987,6,1987.454,17.4,13,4.4,29.4,10.8,18.6,1987-6
1987,7,1987.537,35.3,13.1,22.2,32.1,11.1,21,1987-7
1987,8,1987.622,41.6,7.7,33.9,35.6,12.2,23.4,1987-8
1987,9,1987.706,33.9,7.3,26.6,38.1,14.4,23.7,1987-9
1987,10,1987.789,59.9,26.1,33.8,41,17,24,1987-10
1987,11,1987.873,42.7,10,32.7,46.8,20.3,26.5,1987-11
1987,12,1987.956,28.4,3.7,24.7,51.6,22.1,29.5,1987-12
1988,1,1988.041,51.2,19.7,31.5,56.8,24.5,32.3,1988-1
1988,2,1988.123,47.9,34.3,13.6,62.7,28.6,34.1,1988-2
1988,3,1988.205,68.1,43.2,24.9,69.1,33.6,35.5,1988-3
1988,4,1988.289,86.8,47.3,39.5,75.5,37.7,37.8,1988-4
1988,5,1988.372,65.4,25.2,40.2,84.2,43.2,41,1988-5
1988,6,1988.456,97.6,40.5,57.1,92.2,49.2,43,1988-6
1988,7,1988.539,108.4,54.9,53.5,102.5,56.2,46.3,1988-7
1988,8,1988.624,110,75.7,34.3,113.7,61.4,52.3,1988-8
1988,9,1988.708,120.9,56.1,64.8,121.8,65.7,56.1,1988-9
1988,10,1988.791,132.1,68.4,63.7,127.3,70.2,57.1,1988-10
1988,11,1988.875,125.9,75.7,50.2,132.7,74.7,58,1988-11
1988,12,1988.958,164.6,100.2,64.4,137.8,77.8,60,1988-12
1989,1,1989.043,169.5,85.7,83.8,142.8,79.4,63.4,1989-1
1989,2,1989.124,159.9,96,63.9,147.3,79.9,67.4,1989-2
1989,3,1989.205,139,93.3,45.7,151.6,81.5,70.1,1989-3
1989,4,1989.288,133.2,76.4,56.8,155,83.2,71.8,1989-4
1989,5,1989.372,146.3,73,73.3,157.6,82.4,75.2,1989-5
1989,6,1989.455,172.3,78.3,94,157.9,81.5,76.4,1989-6
1989,7,1989.539,156.1,71.3,84.8,157.6,81.5,76.1,1989-7
1989,8,1989.624,176.1,81.3,94.8,158,80.3,77.7,1989-8
1989,9,1989.707,160.5,82.6,77.9,158.1,79.3,78.8,1989-9
1989,10,1989.791,158.4,66.9,91.5,158.9,80,78.9,1989-10
1989,11,1989.874,169.5,95.2,74.3,157.5,80.5,77,1989-11
1989,12,1989.958,162.6,91.9,70.7,154.5,80.2,74.3,1989-12
1990,1,1990.042,169.2,73.4,95.8,152.2,80.1,72.1,1990-1
1990,2,1990.123,127.6,77.3,50.3,149.3,78.9,70.4,1990-2
1990,3,1990.204,148.6,88.8,59.8,149.8,78.2,71.6,1990-3
1990,4,1990.287,138.3,79.6,58.7,149.7,77.1,72.6,1990-4
1990,5,1990.371,131.3,74,57.3,147.2,74,73.2,1990-5
1990,6,1990.454,138,66.6,71.4,144,71.3,72.7,1990-6
1990,7,1990.538,132.8,69,63.8,141.6,70,71.6,1990-7
1990,8,1990.623,202.8,81.5,121.3,140.8,67.6,73.2,1990-8
1990,9,1990.706,126.9,49.4,77.5,141.5,66.5,75,1990-9
1990,10,1990.79,148.1,59.3,88.8,143,66.1,76.9,1990-10
1990,11,1990.873,129.3,58.5,70.8,143.7,65.5,78.2,1990-11
1990,12,1990.957,127.7,64.5,63.2,143.7,65.8,77.9,1990-12
1991,1,1991.042,132.3,55.3,77,144.3,66.5,77.8,1991-1
1991,2,1991.123,154.4,76.6,77.8,144.5,67,77.5,1991-2
1991,3,1991.203,152.2,72.6,79.6,146,67.3,78.7,1991-3
1991,4,1991.287,139.7,64.7,75,147,67.2,79.8,1991-4
1991,5,1991.37,126.1,72.8,53.3,147.3,66,81.3,1991-5
1991,6,1991.454,167.5,77.8,89.7,147.2,65.1,82.1,1991-6
1991,7,1991.537,170.2,82.1,88.1,146.8,63.5,83.3,1991-7
1991,8,1991.622,166.8,56.5,110.3,146.5,61.2,85.3,1991-8
1991,9,1991.706,146.6,53.8,92.8,146.2,59.9,86.3,1991-9
1991,10,1991.789,136.3,51.4,84.9,144.4,57.9,86.5,1991-10
1991,11,1991.873,116.6,48.4,68.2,140.4,53.8,86.6,1991-11
1991,12,1991.956,139,39,100,133.2,49.3,83.9,1991-12
1992,1,1992.041,150.5,54.1,96.4,123.9,46,77.9,1992-1
1992,2,1992.123,155.7,66.7,89,116.5,44.3,72.2,1992-2
1992,3,1992.205,107.5,41.8,65.7,109.2,42.3,66.9,1992-3
1992,4,1992.289,95.9,25,70.9,103,40.3,62.7,1992-4
1992,5,1992.372,82.9,29.6,53.3,98.9,38.8,60.1,1992-5
1992,6,1992.456,72.4,42.4,30,94.7,37.2,57.5,1992-6
1992,7,1992.539,79.9,38.4,41.5,88.4,34.2,54.2,1992-7
1992,8,1992.624,62.1,30.1,32,82.1,31,51.1,1992-8
1992,9,1992.708,66.9,29.3,37.6,78.5,30.5,48,1992-9
1992,10,1992.791,87,35.7,51.3,76.8,31.1,45.7,1992-10
1992,11,1992.875,90.7,19.2,71.5,75,30.5,44.5,1992-11
1992,12,1992.958,84.4,21.4,63,74,30.5,43.5,1992-12
1993,1,1993.043,71.5,26.5,45,71.7,30,41.7,1993-1
1993,2,1993.124,75.6,35.8,39.8,70.4,29.3,41.1,1993-2
1993,3,1993.205,74.8,31.8,43,67.9,28.7,39.2,1993-3
1993,4,1993.288,60.8,26.6,34.2,63.3,27.7,35.6,1993-4
1993,5,1993.372,63.9,46.8,17.1,58.9,27.3,31.6,1993-5
1993,6,1993.455,46.6,24.1,22.5,55,27.1,27.9,1993-6
1993,7,1993.539,55.9,24.2,31.7,53.2,27.5,25.7,1993-7
1993,8,1993.624,40.4,24.9,15.5,50.9,28.1,22.8,1993-8
1993,9,1993.707,25.4,15.5,9.9,48,27.7,20.3,1993-9
1993,10,1993.791,48.5,21.5,27,44.9,26.4,18.5,1993-10
1993,11,1993.874,38.3,17.4,20.9,41.3,24.1,17.2,1993-11
1993,12,1993.958,56.3,37.6,18.7,38.2,22.6,15.6,1993-12
1994,1,1994.042,48.7,39.4,9.3,36.2,21.5,14.7,1994-1
1994,2,1994.123,39.5,24.3,15.2,35.6,20.5,15.1,1994-2
1994,3,1994.204,28.1,14.9,13.2,34.8,19.7,15.1,1994-3
1994,4,1994.287,16.8,14.4,2.4,33.2,18.5,14.7,1994-4
1994,5,1994.371,21.1,14.6,6.5,32.4,18.1,14.3,1994-5
1994,6,1994.454,27.8,10.9,16.9,29.8,15.7,14.1,1994-6
